variables,total_iv
international_plan,0.3790980575480372
voice_mail_plan,0.11653538764388859
state_freq_encoded,0.02738434345037338
area_code_area_code_510,0.0057778817225951325
area_code_area_code_408,0.0028853125710891028
area_code_area_code_415,0.00045163282278930244
